texto_denuncia,nivel_risco
estão espalhando print de conversa privada pra zoar uma aluna,Risco Moderado
ficam chamando a menina de lixo no grupo da turma,Risco Moderado
um perfil fake tá usando nome de aluno pra fazer postagem tóxica mano,Risco Moderado
a internet da escola cai toda hora,Baixo Risco
um aluno comentou que vai fazer um ataque na escola e que não era meme,Alto Risco
tão marcando uma aluna em posts só pra irritar ela mano,Risco Moderado
o fulano avisou pra ninguém ir na aula amanhã pq o bagulho vão ficar doido mano,Alto Risco
um aluno ameaçou causar uma tragédia durante o intervalo,Alto Risco
mandaram pra galera não ir pra escola amanhã porque 'vai acontecer uma parada',Alto Risco
o passeio da colégio foi cancelado e ninguém explicou direito mano,Baixo Risco
estão espalhando um boato sobre o grêmio estudantil,Baixo Risco
ficaram falando que vai ter prova surpresa amanhã,Baixo Risco
criaram meme com a foto de um aluno sem ele deixar,Risco Moderado
a quadra tá com lâmpadas queimadas,Baixo Risco
mandaram aviso pra não passar perto da entrada amanhã mano,Alto Risco
o povo tá falando que a professora vai mudar de escola mas acho que é só fofoca,Baixo Risco
tem uma janela quebrada na sala,Baixo Risco
um aluno tá sendo perseguido online por causa de uma briga antiga,Risco Moderado
um aluno escreveu que vai fazer justiça com as próprias mãos dentro da escola,Alto Risco
ele postou que vai fazer uma loucura na escola e depois apagou,Alto Risco
o cara fica provocando um aluno até ele sair do grupo,Risco Moderado
o laboratório tem computador que não liga,Baixo Risco
tem poucas cadeiras na sala e sempre falta lugar,Baixo Risco
um menino foi excluído do trabalho e o grupo fica tirando sarro,Risco Moderado
um aluno tá sendo perseguido online por causa de uma briga antiga,Risco Moderado
um aluno disse que vai fazer uma operação na escola e não explicou mais nada,Alto Risco
eles tiraram um aluno do grupo e ficam rindo quando ele pede pra entrar,Risco Moderado
um grupo da sala fica excluindo um mlk de propósito,Risco Moderado
a quadra tá com lâmpadas queimadas,Baixo Risco
o mlk falou que vai transformar a escola em cenário de filme de terror mano,Alto Risco
estão espalhando fofoca pesada sobre uma menina,Risco Moderado
o mlk criou um grupo só pra humilhar uma menina da sala mano,Risco Moderado
mandaram aviso pra não passar perto da entrada amanhã,Alto Risco
o cara fica criando conta nova pra continuar provocando a menina,Risco Moderado
o cara falou q vai fazer uma parada que vai deixar a cidade em choque,Alto Risco
o laboratório tem computador que não liga,Baixo Risco
ficam falando coisas ofensivas sobre a família de um menino,Risco Moderado
mandaram mensagem falando pra ninguém ficar perto do bloco amanhã mano,Alto Risco
o cara fica xingando todo mundo no grupo e depois fala que é meme,Risco Moderado
criaram um grupo pra combinar de ignorar uma cara,Risco Moderado
o povo tá falando que a professora vai mudar de escola mas acho que é só fofoca mano,Baixo Risco
a sala fica mto fria de manhã,Baixo Risco
acho injusto terem dado uma nota tão baixa na minha prova,Baixo Risco
um mlk foi excluído do trabalho e o grupo fica tirando sarro,Risco Moderado
o cara fica criando conta nova pra continuar provocando a menina,Risco Moderado
tão espalhando fofoca pesada sobre uma menina,Risco Moderado
fizeram uma montagem humilhante com a foto de um colega,Risco Moderado
a fila da cantina é enorme e atrapalha o intervalo,Baixo Risco
a fila da cantina é enorme e atrapalha o intervalo,Baixo Risco
estão espalhando um boato sobre o grêmio estudantil,Baixo Risco
o aluno disse que vai fazer os outros pagarem e que amanhã todo mundo vai saber,Alto Risco
o bebedouro tá quebrado e ninguém arruma,Baixo Risco
mandaram no grupo que amanhã vai rolar uma fita sinistra na escola,Alto Risco
ele disse que amanhã a escola vai sair no jornal,Alto Risco
o cara disse que amanhã vai resolver tudo de um jeito que vai deixar geral em choque,Alto Risco
mandaram mensagem falando pra ninguém ficar perto do bloco amanhã,Alto Risco
o mlk postou 'amanhã vcs vão lembrar de mim' junto com uma ameaça,Alto Risco
o ar condicionado da sala não funciona faz dias,Baixo Risco
um aluno comentou que vai fazer uma emboscada na saída,Alto Risco
um grp da sala fica excluindo um menino de propósito,Risco Moderado
mandaram no grupo pra geral faltar amanhã pq vão dar ruim na escola,Alto Risco
ficam falando coisas ofensivas sobre a família de um menino,Risco Moderado
o mlk falou que vai transformar a escola em cenário de filme de terror,Alto Risco
um aluno falou que amanha vai ter uma parada muito séria na escola e que era melhor ficar longe,Alto Risco
o bebedouro tá quebrado e ninguém arruma,Baixo Risco
o ventilador faz barulho demais e não dá pra prestar atenção,Baixo Risco
o cara fica criando conta nova pra continuar provocando a menina,Risco Moderado
um aluno falou que vai fazer um massacre na escola amanhã,Alto Risco
o cara escreveu que vai ter tragédia amanhã e depois sumiu do grupo,Alto Risco
o povo tá falando que a professora vai mudar de escola mas acho que é só fofoca,Baixo Risco
a cantina aumentou os preços e ninguém avisou,Baixo Risco
um aluno ameaçou causar uma tragédia durante o intervalo,Alto Risco
tem uma conta fake só pra falar mal dos alunos,Risco Moderado
um aluno recebe xingamento toda vez que manda mensagem no grupo,Risco Moderado
acho injusto terem dado uma nota tão baixa na minha prova,Baixo Risco
estão espalhando fofoca pesada sobre uma menina,Risco Moderado
ouvi uma fofoca sobre dois mlks mas não sei se é verdade,Baixo Risco
tem uma janela quebrada na sala,Baixo Risco
o povo tá falando que a professora vai mudar de escola mas acho que é só fofoca,Baixo Risco
a escola podia ter mais tomadas nas salas,Baixo Risco
o mlk postou 'amanhã vcs vão lembrar de mim' junto com uma ameaça,Alto Risco
ele escreveu que amanha vai ser o último dia normal da escola,Alto Risco
ele falou q vai pegar geral de surpresa amanhã,Alto Risco
um cara da turma disse que tá preparando uma parada pra amanhã e que vai aparecer no jornal mano,Alto Risco
fizeram uma montagem humilhante com a foto de um colega,Risco Moderado
mandaram áudio dizendo que amanha ninguém deveria ir pra escola,Alto Risco
ele falou que vai transformar a escola num inferno amanhã,Alto Risco
ficaram falando que vai ter prova surpresa amanhã,Baixo Risco
a sala fica muito fria de manhã,Baixo Risco
tem uma janela quebrada na sala mano,Baixo Risco
ficam comentando que ninguém gosta dele e marcando ele nas postagens,Risco Moderado
ele falou que amanhã vai ser guerra e pediu pros amigos não irem,Alto Risco
um aluno disse que vão fazer uma operação na escola e nao explicou mais nada,Alto Risco
ele falou que vai deixar a escola em estado de choque amanhã,Alto Risco
o cara escreveu que vai ter tragédia amanhã e depois sumiu do grp,Alto Risco
o professor ainda não lançou a nota do trabalho,Baixo Risco
um cara da turma disse que tá preparando uma parada pra amanha e que vai aparecer no jornal,Alto Risco
criaram meme com a foto de um aluno sem ele deixar,Risco Moderado
mandaram áudio dizendo que amanha ninguém deveria ir pra escola mano,Alto Risco
o cara fica provocando um aluno até ele sair do grupo,Risco Moderado
o passeio da escola foi cancelado e ninguém explicou direito,Baixo Risco
mandaram uma mensagem falando que o recreio de amanhã vai virar notícia nacional,Alto Risco
o banheiro do segundo andar vive sem papel,Baixo Risco
ele disse que vai fazer uma loucura no colégio e que já tá tudo planejado,Alto Risco
o mlk falou que vai acontecer columbine aqui amanhã,Alto Risco
um menino foi excluído do trabalho e o grupo fica tirando sarro,Risco Moderado
o cara fica provocando um aluno até ele sair do grupo,Risco Moderado
ele disse que vai 'resolver na bala' e que seria amanhã,Alto Risco
um aluno falou que vai dar um salve que ninguém vai esquecer,Alto Risco
minha nota apareceu errada no sistema e queria reclamar,Baixo Risco
eles tiraram um aluno do grupo e ficam rindo quando ele pede pra entrar mano,Risco Moderado
estão espalhando um boato sobre o grêmio estudantil,Baixo Risco
criaram meme com a foto de um mlk sem ele deixar,Risco Moderado
ficaram falando q vai ter prova surpresa amanhã,Baixo Risco
a quadra tá com lâmpadas queimadas,Baixo Risco
ele falou que vai fazer uma chacina e ficou rindo no grupo,Alto Risco
o wi-fi não pega na minha sala,Baixo Risco
um perfil fake tá usando nome de aluno pra fazer postagem tóxica,Risco Moderado
o mlk falou que vai transformar a escola em cenário de filme de terror,Alto Risco
ficam mandando indireta e marcando o aluno em tudo,Risco Moderado
o mlk falou que vai acontecer columbine aqui amanhã,Alto Risco
um aluno falou que vai fazer um massacre na escola amanhã,Alto Risco
o cara disse que amanhã vai resolver tudo de um jeito que vai deixar todo mundo em choque,Alto Risco
minha nota apareceu errada no sistema e queria reclamar,Baixo Risco
o povo tá falando que a professora vai mudar de escola mas acho que é só fofoca,Baixo Risco
o fulano avisou pra ninguém ir na aula amanhã pq o bagulho vai ficar doido,Alto Risco
o ar condicionado da sala não funciona faz dias,Baixo Risco
a fila da cantina é enorme e atrapalha o intervalo,Baixo Risco
o cara fica provocando um aluno até ele sair do grp,Risco Moderado
o bebedouro tá quebrado e ninguém arruma,Baixo Risco
a escola podia ter mais tomadas nas salas,Baixo Risco
o cara fica provocando um aluno até ele sair do grupo,Risco Moderado
tem muito lixo no pátio depois do intervalo,Baixo Risco
mandaram aviso pra não passar perto da entrada amanhã,Alto Risco
mandaram mensagem falando pra ninguém ficar perto do bloco amanhã,Alto Risco
o cara fica criando conta nova pra continuar provocando a menina,Risco Moderado
ele falou que vai pegar geral de surpresa amanhã,Alto Risco
um menino foi excluído do trabalho e o grp fica tirando sarro,Risco Moderado
o pessoal tá usando apelidos preconceituosos contra um aluno,Risco Moderado
tem gente ameaçando expor conversa privada de um aluno,Risco Moderado
o mlk falou que vai transformar a escola em cenário de filme de terror,Alto Risco
o mlk falou que vai transformar a escola em cenário de filme de terror,Alto Risco
estão marcando uma aluna em posts só pra irritar ela,Risco Moderado
ouvi uma fofoca sobre dois alunos mas não sei se é verdade,Baixo Risco
um aluno recebe xingamento toda vez que manda mensagem no grupo,Risco Moderado
um perfil fake tá usando nome de aluno pra fazer postagem tóxica,Risco Moderado
tem muito lixo no pátio depois do intervalo mano,Baixo Risco
o ventilador faz barulho demais e não dá pra prestar atenção,Baixo Risco
a quadra tá com lâmpadas queimadas,Baixo Risco
mandaram vários áudios xingando um aluno da sala mano,Risco Moderado
ficaram falando que vai ter prova surpresa amanhã,Baixo Risco
ficam falando coisas ofensivas sobre a família de um menino mano,Risco Moderado
no grupo falaram q amanhã vai rolar uma fita cabulosa no colégio e mandaram apagar as mensagens,Alto Risco
o cara disse que amanhã vai resolver tudo de um jeito que vai deixar todo mundo em choque,Alto Risco
um perfil fake tá usando nome de aluno pra fazer postagem tóxica,Risco Moderado
a quadra tá com lâmpadas queimadas mano,Baixo Risco
um aluno falou que vai fazer um massacre na escola amanhã,Alto Risco
minha nota apareceu errada no sistema e queria reclamar,Baixo Risco
o povo tá falando que a professora vai mudar de escola mas acho que é só fofoca,Baixo Risco
tão espalhando um boato sobre o grêmio estudantil,Baixo Risco
ele disse que quer ver a escola no jornal amanhã,Alto Risco
um aluno recebe xingamento toda vez que manda mensagem no grupo,Risco Moderado
minha prova parece ter sido corrigida errado mano,Baixo Risco
um aluno falou que amanhã vai ter uma parada mt séria na escola e que era melhor ficar longe,Alto Risco
ele falou que amanhã vai ser guerra e pediu pros amigos não irem,Alto Risco
ele disse que vai 'resolver na bala' e que seria amanhã,Alto Risco
um menino foi excluído do trabalho e o grupo fica tirando sarro,Risco Moderado
um aluno falou que vai entrar na escola amanhã pra fazer uma loucura,Alto Risco
mandaram vários áudios xingando um aluno da sala,Risco Moderado
ele falou que vai pegar geral de surpresa amanhã,Alto Risco
o passeio da colégio foi cancelado e ninguém explicou direito,Baixo Risco
a cantina aumentou os preços e ninguém avisou,Baixo Risco
ficam falando coisas ofensivas sobre a família de um mlk,Risco Moderado
meu boletim tá com falta que eu não tive,Baixo Risco
tem uma goteira enorme na sala quando chove,Baixo Risco
o pessoal tá usando apelidos preconceituosos contra um aluno,Risco Moderado
o banheiro do segundo andar vive sem papel,Baixo Risco
a internet da escola cai toda hora,Baixo Risco
falaram que vão mudar o horário mas ninguém confirmou,Baixo Risco
um aluno comentou q vai fazer um ataque na escola e que não era meme,Alto Risco
mandaram no grupo que amanhã vai rolar uma fita sinistra na escola,Alto Risco
o pessoal tá usando apelidos preconceituosos contra um aluno mano,Risco Moderado
um perfil fake tá usando nome de aluno pra fazer postagem tóxica,Risco Moderado
o cara escreveu que vai ter tragédia amanha e depois sumiu do grupo,Alto Risco
tem uma janela quebrada na sala,Baixo Risco
a fila da cantina é enorme e atrapalha o intervalo mano,Baixo Risco
um grupo fica incentivando outros alunos a zoarem a mesma pessoa,Risco Moderado
o cara fica criando conta nova pra continuar provocando a menina,Risco Moderado
o banheiro do segundo andar vive sem papel,Baixo Risco
acho injusto terem dado uma nota tão baixa na minha prova mano,Baixo Risco
tem uma conta fake só pra falar mal dos alunos mano,Risco Moderado
o cara fica xingando todo mundo no grupo e depois fala que é meme,Risco Moderado
o passeio da escola foi cancelado e ninguém explicou direito,Baixo Risco
tem uma goteira enorme na sala quando chove,Baixo Risco
estão espalhando fofoca pesada sobre uma menina,Risco Moderado
o cara fica xingando todo mundo no grp e depois fala que é meme,Risco Moderado
a biblioteca tá com vários computadores quebrados,Baixo Risco
o fulano avisou pra ninguém ir na aula amanhã pq o bagulho vai ficar doido,Alto Risco
a fila da cantina é enorme e atrapalha o intervalo,Baixo Risco
a biblioteca tá com vários computadores quebrados,Baixo Risco
mandaram no grupo que amanhã vai rolar uma fita sinistra na escola,Alto Risco
um aluno falou que amanha vai ter uma parada muito séria na escola e que era melhor ficar longe,Alto Risco
o professor ainda não lançou a nota do trabalho,Baixo Risco
ficam chamando a mina de lixo no grupo da turma,Risco Moderado
minha prova parece ter sido corrigida errado,Baixo Risco
ficam mandando indireta e marcando o aluno em tudo,Risco Moderado
um mlk falou que vai entrar na escola amanhã pra fazer uma loucura,Alto Risco
o pessoal fica zoando meu jeito de falar todo dia,Risco Moderado
o cara fica xingando todo mundo no grupo e depois fala que é meme,Risco Moderado
ele falou que vai transformar a escola num inferno amanha,Alto Risco
ficam chamando o aluno de fracassado e fazendo piada com as notas dele,Risco Moderado
meu boletim tá com falta que eu não tive,Baixo Risco
mandaram vários áudios xingando um aluno da sala,Risco Moderado
ele disse que vão fazer uma loucura no colégio e que já tá tudo planejado mano,Alto Risco
o cara disse que amanhã vai resolver tudo de um jeito que vai deixar todo mundo em choque,Alto Risco
a cantina aumentou os preços e ninguém avisou,Baixo Risco
estão espalhando um boato sobre o grêmio estudantil mano,Baixo Risco
ele falou que vai pegar geral de surpresa amanha mano,Alto Risco
o passeio da escola foi cancelado e ninguém explicou direito,Baixo Risco
tem uma goteira enorme na sala quando chove,Baixo Risco
o cara fica xingando todo mundo no grupo e depois fala que é meme,Risco Moderado
a iluminação da sala tá mto fraca,Baixo Risco
o povo tá falando que a professora vai mudar de escola mas acho que é só fofoca,Baixo Risco
eles tiraram um aluno do grupo e ficam rindo quando ele pede pra entrar,Risco Moderado
o mlk disse que vão ter um acerto de contas pesado dentro da colégio,Alto Risco
um aluno falou em fazer um ataque e depois disse que era sério,Alto Risco
o mlk disse que vai ter um acerto de contas pesado dentro da escola,Alto Risco
ele disse q vai 'resolver na bala' e que seria amanhã,Alto Risco
um aluno falou em fazer um ataque e depois disse que era sério mano,Alto Risco
um mlk comentou que vai fazer uma emboscada na saída,Alto Risco
criaram meme com a foto de um aluno sem ele deixar,Risco Moderado
o pessoal fica fazendo enquete pra escolher quem é o mais feio,Risco Moderado
ficam postando foto do cara e fazendo piada dele no insta,Risco Moderado
mandaram vários áudios xingando um aluno da sala,Risco Moderado
um aluno falou que vai entrar na escola amanha pra fazer uma loucura,Alto Risco
o ventilador faz barulho demais e não dá pra prestar atenção,Baixo Risco
tem uma goteira enorme na sala quando chove mano,Baixo Risco
um perfil fake tá usando nome de aluno pra fazer postagem tóxica,Risco Moderado
falaram q vão mudar o horário mas ngm confirmou,Baixo Risco
a iluminação da sala tá muito fraca,Baixo Risco
um aluno falou em fazer um ataque e depois disse que era sério,Alto Risco
um grupo da sala fica excluindo um menino de propósito,Risco Moderado
mandaram no grp que amanhã vai rolar uma fita sinistra na colégio,Alto Risco
minha nota apareceu errada no sistema e queria reclamar,Baixo Risco
fizeram uma montagem humilhante com a foto de um colega,Risco Moderado
um aluno falou que vai dar um salve que ninguém vai esquecer mano,Alto Risco
um aluno recebe xingamento toda vez que manda mensagem no grupo,Risco Moderado
ficam chamando a menina de lixo no grupo da turma,Risco Moderado
tem uma janela quebrada na sala,Baixo Risco
o ventilador faz barulho demais e não dá pra prestar atenção mano,Baixo Risco
estão espalhando print de conversa privada pra zoar uma aluna,Risco Moderado
eles tiraram um aluno do grupo e ficam rindo quando ele pede pra entrar,Risco Moderado
ficam comentando que ninguém gosta dele e marcando ele nas postagens,Risco Moderado
o cara comentou que vai ter uma ocorrência grande amanhã no colégio,Alto Risco
ele disse que quer ver a colégio no jornal amanhã,Alto Risco
o mlk falou que vai sair sangue amanhã e que ninguém vai esquecer,Alto Risco
o ar condicionado da sala não funciona faz dias,Baixo Risco
ficaram falando que vai ter prova surpresa amanhã,Baixo Risco
estão espalhando um boato sobre o grêmio estudantil,Baixo Risco
ele falou que vai deixar a escola em estado de choque amanhã,Alto Risco
um aluno falou em fazer um ataque e depois disse que era sério,Alto Risco
estão marcando uma aluna em posts só pra irritar ela,Risco Moderado
tem uma goteira enorme na sala quando chove,Baixo Risco
um mlk falou que vai dar um salve que ninguém vai esquecer,Alto Risco
o banheiro do segundo andar vive sem papel,Baixo Risco
a iluminação da sala tá muito fraca,Baixo Risco
mandaram aviso pra não passar perto da entrada amanhã,Alto Risco
ficam comentando que ninguém gosta dele e marcando ele nas postagens,Risco Moderado
a internet da escola cai toda hora mano,Baixo Risco
meu boletim tá com falta que eu não tive mano,Baixo Risco
ficam mandando indireta e marcando o aluno em tudo,Risco Moderado
o laboratório tem computador que não liga,Baixo Risco
o ar condicionado da sala não funciona faz dias,Baixo Risco
o mlk falou q vai acontecer columbine aqui amanha,Alto Risco
a biblioteca tá com vários computadores quebrados,Baixo Risco
minha prova parece ter sido corrigida errado,Baixo Risco
ficam inventando apelido ofensivo pra uma menina,Risco Moderado
o passeio da colégio foi cancelado e ninguém explicou direito,Baixo Risco
ele disse que vai fazer uma loucura no colégio e que já tá tudo planejado,Alto Risco
ele falou que vai pegar geral de surpresa amanhã,Alto Risco
o cara escreveu que vai ter tragédia amanhã e depois sumiu do grupo,Alto Risco
um aluno escreveu que vai fazer justiça com as próprias mãos dentro da escola,Alto Risco
ficam postando foto do cara e fazendo piada dele no insta,Risco Moderado
acho injusto terem dado uma nota tão baixa na minha prova,Baixo Risco
falaram que vão mudar o horário mas ninguém confirmou,Baixo Risco
estão marcando uma aluna em posts só pra irritar ela,Risco Moderado
o pessoal fica fazendo enquete pra escolher quem é o mais feio,Risco Moderado
o aluno disse que vai fazer os outros pagarem e que amanhã todo mundo vai saber,Alto Risco
tem muito lixo no pátio depois do intervalo,Baixo Risco
mandaram áudio dizendo que amanhã ninguém deveria ir pra escola,Alto Risco
ele disse que quer ver a escola no jornal amanha,Alto Risco
ele disse que quer ver a escola no jornal amanhã,Alto Risco
o cara falou que vai fazer uma parada que vai deixar a cidade em choque,Alto Risco
o wi-fi não pega na minha sala,Baixo Risco
o pessoal fica zoando meu jeito de falar todo dia,Risco Moderado
um perfil fake tá usando nome de aluno pra fazer postagem tóxica,Risco Moderado
o mlk falou que vai sair sangue amanhã e que ninguém vai esquecer,Alto Risco
minha prova parece ter sido corrigida errado,Baixo Risco
o pessoal fica zoando meu jeito de falar todo dia,Risco Moderado
um aluno comentou que vai fazer uma emboscada na saída mano,Alto Risco
tem galera ameaçando expor conversa privada de um aluno,Risco Moderado
o cara fica criando conta nova pra continuar provocando a menina,Risco Moderado
mandaram vários áudios xingando um aluno da sala,Risco Moderado
o laboratório tem computador que não liga,Baixo Risco
meu boletim tá com falta que eu não tive,Baixo Risco
um grupo da sala fica excluindo um mlk de propósito mano,Risco Moderado
o cara falou que vai fazer uma parada que vai deixar a cidade em choque,Alto Risco
tem muito lixo no pátio depois do intervalo,Baixo Risco
ficam chamando o aluno de fracassado e fazendo piada com as notas dele,Risco Moderado
o pessoal fica fazendo enquete pra escolher quem é o mais feio,Risco Moderado
o projetor da sala vive travando,Baixo Risco
ficam postando foto do cara e fazendo piada dele no insta,Risco Moderado
o pessoal tá usando apelidos preconceituosos contra um aluno,Risco Moderado
criaram meme com a foto de um aluno sem ele deixar,Risco Moderado
ficam comentando que ninguém gosta dele e marcando ele nas postagens,Risco Moderado
criaram meme com a foto de um mlk sem ele deixar mano,Risco Moderado
o professor ainda não lançou a nota do trabalho mano,Baixo Risco
um aluno falou que vai entrar na escola amanhã pra fazer uma loucura,Alto Risco
criaram um grupo pra combinar de ignorar uma pessoa,Risco Moderado
um aluno recebe xingamento toda vez que manda mensagem no grp,Risco Moderado
ele escreveu que amanha vai ser o último dia normal da escola,Alto Risco
a iluminação da sala tá muito fraca,Baixo Risco
a quadra tá com lâmpadas queimadas,Baixo Risco
ficam falando coisas ofensivas sobre a família de um menino,Risco Moderado
mandaram uma mensagem falando que o recreio de amanhã vai virar notícia nacional,Alto Risco
a escola podia ter mais tomadas nas salas,Baixo Risco
a cantina aumentou os preços e ninguém avisou,Baixo Risco
a biblioteca tá com vários computadores quebrados,Baixo Risco
o pessoal fica fazendo enquete pra escolher quem é o mais feio,Risco Moderado
o cara fica xingando todo mundo no grupo e depois fala que é meme,Risco Moderado
fizeram uma montagem humilhante com a foto de um colega mano,Risco Moderado
um aluno falou em fazer um ataque e depois disse que era sério,Alto Risco
o mlk falou que tá com sangue no olho e que amanhã vai cobrar todo mundo,Alto Risco
criaram meme com a foto de um aluno sem ele deixar,Risco Moderado
a sala fica muito fria de manhã,Baixo Risco
mandaram áudio dizendo que amanhã ninguém deveria ir pra escola,Alto Risco
um perfil fake tá usando nome de aluno pra fazer postagem tóxica,Risco Moderado
mandaram no grupo pra geral faltar amanha pq vai dar ruim na escola,Alto Risco
ficam postando foto do cara e fazendo piada dele no insta,Risco Moderado
o ar condicionado da sala não funciona faz dias,Baixo Risco
ficam inventando apelido ofensivo pra uma menina,Risco Moderado
a iluminação da sala tá muito fraca,Baixo Risco
o projetor da sala vive travando,Baixo Risco
o pessoal fica fazendo enquete pra escolher quem é o mais feio mano,Risco Moderado
ele disse q amanhã a escola vai sair no jornal,Alto Risco
o pessoal fica zoando meu jeito de falar todo dia,Risco Moderado
tem uma goteira enorme na sala quando chove,Baixo Risco
o wi-fi não pega na minha sala mano,Baixo Risco
ele falou que vão transformar a colégio num inferno amanhã,Alto Risco
ficam inventando apelido ofensivo pra uma mina,Risco Moderado
ficam comentando que ninguém gosta dele e marcando ele nas postagens,Risco Moderado
o caral tá usando apelidos preconceituosos contra um aluno,Risco Moderado
a iluminação da sala tá muito fraca,Baixo Risco
estão marcando uma aluna em posts só pra irritar ela,Risco Moderado
um aluno falou que vai dar um salve que ninguém vai esquecer,Alto Risco
ele falou que amanhã vai ser caos total e mandou todo mundo ficar longe,Alto Risco
minha prova parece ter sido corrigida errado,Baixo Risco
mandaram mensagem falando pra ninguém ficar perto do bloco amanhã,Alto Risco
um grupo da sala fica excluindo um menino de propósito,Risco Moderado
um aluno falou que vai fazer um massacre na escola amanhã,Alto Risco
tem gente ameaçando expor conversa privada de um aluno,Risco Moderado
ficaram falando que vai ter prova surpresa amanhã,Baixo Risco
tem uma conta fake só pra falar mal dos alunos,Risco Moderado
um aluno ameaçou causar uma tragédia durante o intervalo,Alto Risco
o projetor da sala vive travando,Baixo Risco
o pessoal fica zoando meu jeito de falar todo dia,Risco Moderado
mandaram uma mensagem falando que o recreio de amanhã vai virar notícia nacional,Alto Risco
ele falou que vai pegar geral de surpresa amanhã,Alto Risco
mandaram uma mensagem falando que o recreio de amanhã vai virar notícia nacional,Alto Risco
a escola podia ter mais tomadas nas salas,Baixo Risco
um aluno falou que vai fazer um massacre na escola amanhã,Alto Risco
o fulano avisou pra ninguém ir na aula amanhã pq o bagulho vai ficar doido,Alto Risco
um mlk ameaçou causar uma tragédia durante o intervalo,Alto Risco
ficam mandando indireta e marcando o aluno em tudo,Risco Moderado
o bebedouro tá quebrado e ninguém arruma,Baixo Risco
estão espalhando print de conversa privada pra zoar uma aluna,Risco Moderado
a internet da escola cai toda hora,Baixo Risco
um aluno disse que vai fazer uma operação na escola e não explicou mais nada,Alto Risco
o cara fica provocando um aluno até ele sair do grupo,Risco Moderado
ele disse que amanha a escola vai sair no jornal,Alto Risco
a biblioteca tá com vários computadores quebrados,Baixo Risco
um grupo fica incentivando outros alunos a zoarem a mesma pessoa,Risco Moderado
o pessoal fica fazendo enquete pra escolher quem é o mais feio,Risco Moderado
tem gente ameaçando expor conversa privada de um aluno,Risco Moderado
um menino foi excluído do trabalho e o grupo fica tirando sarro mano,Risco Moderado
um aluno comentou que vai fazer um ataque na escola e que não era meme,Alto Risco
o banheiro do segundo andar vive sem papel,Baixo Risco
no grupo falaram que amanhã vai rolar uma fita cabulosa no colégio e mandaram apagar as mensagens,Alto Risco
ficaram falando que vai ter prova surpresa amanhã,Baixo Risco
a cantina aumentou os preços e ngm avisou,Baixo Risco
o mlk falou que vão sair sangue amanha e que ninguém vai esquecer,Alto Risco
estão espalhando fofoca pesada sobre uma menina,Risco Moderado
o projetor da sala vive travando,Baixo Risco
um aluno falou que amanhã vai ter uma parada muito séria na colégio e que era melhor ficar longe,Alto Risco
ficam mandando indireta e marcando o aluno em tudo mano,Risco Moderado
o wi-fi não pega na minha sala,Baixo Risco
mandaram aviso pra não passar perto da entrada amanhã,Alto Risco
ouvi uma fofoca sobre dois alunos mas não sei se é verdade,Baixo Risco
meu boletim tá com falta que eu não tive,Baixo Risco
tem muito lixo no pátio depois do intervalo,Baixo Risco
o mlk criou um grupo só pra humilhar uma menina da sala,Risco Moderado
ele falou que vai deixar a escola em estado de choque amanhã,Alto Risco
um cara da turma disse que tá preparando uma parada pra amanhã e que vai aparecer no jornal,Alto Risco
ele disse que vai 'resolver na bala' e que seria amanhã,Alto Risco
o projetor da sala vive travando mano,Baixo Risco
ficam falando coisas ofensivas sobre a família de um menino,Risco Moderado
ficam chamando o aluno de fracassado e fazendo piada com as notas dele mano,Risco Moderado
ele falou que amanhã vai ser caos total e mandou todo mundo ficar longe,Alto Risco
mandaram no grupo pra geral faltar amanhã pq vai dar ruim na escola,Alto Risco
ouvi uma fofoca sobre dois alunos mas nao sei se é verdade,Baixo Risco
um grupo da sala fica excluindo um menino de propósito,Risco Moderado
um aluno ameaçou causar uma tragédia durante o intervalo,Alto Risco
ficam inventando apelido ofensivo pra uma menina,Risco Moderado
o cara comentou que vai ter uma ocorrência grande amanhã no colégio,Alto Risco
o cara postou 'dia X' e falou que quem entendeu não deveria aparecer amanha,Alto Risco
a fila da cantina é enorme e atrapalha o intervalo,Baixo Risco
tão marcando uma aluna em posts só pra irritar ela,Risco Moderado
um grupo da sala fica excluindo um menino de propósito,Risco Moderado
ficam chamando a menina de lixo no grupo da turma,Risco Moderado
estão espalhando print de conversa privada pra zoar uma aluna,Risco Moderado
o projetor da sala vive travando,Baixo Risco
meu boletim tá com falta que eu não tive,Baixo Risco
tem uma conta fake só pra falar mal dos alunos,Risco Moderado
o cara fica provocando um aluno até ele sair do grupo,Risco Moderado
a escola podia ter mais tomadas nas salas,Baixo Risco
ficam chamando o aluno de fracassado e fazendo piada com as notas dele,Risco Moderado
a sala fica muito fria de manhã,Baixo Risco
a iluminação da sala tá muito fraca,Baixo Risco
ele disse que vai 'resolver na bala' e que seria amanha mano,Alto Risco
mandaram vários áudios xingando um mlk da sala,Risco Moderado
ficaram falando que vai ter prova surpresa amanhã,Baixo Risco
a cantina aumentou os preços e ninguém avisou,Baixo Risco
ele falou que vai transformar a escola num inferno amanhã,Alto Risco
a iluminação da sala tá muito fraca,Baixo Risco
o professor ainda não lançou a nota do trabalho,Baixo Risco
o professor ainda não lançou a nota do trabalho,Baixo Risco
o cara postou 'dia x' e falou que quem entendeu não deveria aparecer amanhã,Alto Risco
o passeio da escola foi cancelado e ninguém explicou direito,Baixo Risco
o mlk falou que vai sair sangue amanhã e que ninguém vai esquecer,Alto Risco
ele disse que vai fazer uma loucura no colégio e que já tá tudo planejado,Alto Risco
o wi-fi não pega na minha sala,Baixo Risco
um aluno recebe xingamento toda vez que manda mensagem no grupo mano,Risco Moderado
o professor ainda não lançou a nota do trabalho,Baixo Risco
um grupo da sala fica excluindo um menino de propósito,Risco Moderado
a sala fica muito fria de manhã,Baixo Risco
a escola podia ter mais tomadas nas salas,Baixo Risco
fizeram uma montagem humilhante com a foto de um colega,Risco Moderado
a sala fica muito fria de manhã,Baixo Risco
meu boletim tá com falta q eu não tive,Baixo Risco
a quadra tá com lâmpadas queimadas,Baixo Risco
o mlk falou que vai acontecer columbine aqui amanhã,Alto Risco
ficam chamando a menina de lixo no grupo da turma,Risco Moderado
o mlk postou 'amanhã vcs vão lembrar de mim' junto com uma ameaça,Alto Risco
o cara fica criando conta nova pra continuar provocando a mina,Risco Moderado
o pessoal tá usando apelidos preconceituosos contra um aluno,Risco Moderado
o cara comentou que vai ter uma ocorrência grande amanhã no colégio,Alto Risco
o bebedouro tá quebrado e ninguém arruma mano,Baixo Risco
o pessoal fica fazendo enquete pra escolher quem é o mais feio,Risco Moderado
o ar condicionado da sala não funciona faz dias,Baixo Risco
o cara postou 'dia X' e falou que quem entendeu não deveria aparecer amanhã,Alto Risco
minha nota apareceu errada no sistema e queria reclamar,Baixo Risco
a internet da escola cai toda hora,Baixo Risco
minha prova parece ter sido corrigida errado,Baixo Risco
o mlk disse que vai ter um acerto de contas pesado dentro da escola mano,Alto Risco
um aluno comentou que vão fazer uma emboscada na saída,Alto Risco
falaram que vão mudar o horário mas ninguém confirmou,Baixo Risco
ficam falando coisas ofensivas sobre a família de um menino,Risco Moderado
estão espalhando fofoca pesada sobre uma menina mano,Risco Moderado
ficam inventando apelido ofensivo pra uma menina,Risco Moderado
um perfil fake tá usando nome de aluno pra fazer postagem tóxica,Risco Moderado
tem uma goteira enorme na sala quando chove,Baixo Risco
um aluno tá sendo perseguido online por causa de uma briga antiga,Risco Moderado
o cara falou que vai fazer uma parada que vai deixar a cidade em choque,Alto Risco
um aluno escreveu que vai fazer justiça com as próprias mãos dentro da escola,Alto Risco
a fila da cantina é enorme e atrapalha o intervalo,Baixo Risco
o banheiro do segundo andar vive sem papel,Baixo Risco
tem uma conta fake só pra falar mal dos alunos,Risco Moderado
ele falou que amanhã vai ser guerra e pediu pros amigos não irem,Alto Risco
o bebedouro tá quebrado e ninguém arruma,Baixo Risco
um grupo da sala fica excluindo um menino de propósito,Risco Moderado
um aluno falou que amanhã vai ter uma parada muito séria na escola e que era melhor ficar longe,Alto Risco
ele falou que vai pegar geral de surpresa amanhã,Alto Risco
um aluno escreveu que vai fazer justiça com as próprias mãos dentro da escola,Alto Risco
o pessoal tá usando apelidos preconceituosos contra um aluno,Risco Moderado
mandaram pra galera não ir pra escola amanhã porque 'vai acontecer uma parada',Alto Risco
o cara disse que vai atacar durante a troca de aulas,Alto Risco
o mlk falou que tá com sangue no olho e que amanhã vai cobrar todo mundo,Alto Risco
eles tiraram um aluno do grp e ficam rindo quando ele pede pra entrar,Risco Moderado
tem gente ameaçando expor conversa privada de um aluno,Risco Moderado
o laboratório tem computador que não liga,Baixo Risco
a quadra tá com lâmpadas queimadas,Baixo Risco
tem muito lixo no pátio depois do intervalo,Baixo Risco
minha nota apareceu errada no sistema e queria reclamar,Baixo Risco
no grupo falaram que amanhã vai rolar uma fita cabulosa no colégio e mandaram apagar as mensagens mano,Alto Risco
ficam postando foto do cara e fazendo piada dele no insta,Risco Moderado
o cara postou 'dia X' e falou que quem entendeu não deveria aparecer amanhã mano,Alto Risco
o pessoal fica fazendo enquete pra escolher quem é o mais feio,Risco Moderado
um aluno tá sendo perseguido online por causa de uma briga antiga,Risco Moderado
mandaram no grupo pra geral faltar amanhã pq vai dar ruim na escola,Alto Risco
mandaram mensagem falando pra ninguém ficar perto do bloco amanhã,Alto Risco
ele disse que quer ver a escola no jornal amanhã,Alto Risco
mandaram pra gente não ir pra escola amanhã porque 'vai acontecer uma parada',Alto Risco
um grupo fica incentivando outros alunos a zoarem a mesma pessoa,Risco Moderado
um grp da sala fica excluindo um menino de propósito,Risco Moderado
um cara da turma disse que tá preparando uma parada pra amanhã e que vai aparecer no jornal,Alto Risco
o cara disse que vai atacar durante a troca de aulas,Alto Risco
estão espalhando fofoca pesada sobre uma menina,Risco Moderado
meu boletim tá com falta que eu não tive,Baixo Risco
o cara disse que amanhã vai resolver tudo de um jeito que vai deixar todo mundo em choque,Alto Risco
mandaram no grupo que amanhã vai rolar uma fita sinistra na escola mano,Alto Risco
um mlk foi excluído do trabalho e o grupo fica tirando sarro,Risco Moderado
o bebedouro tá quebrado e ninguém arruma,Baixo Risco
mandaram pra gente não ir pra escola amanhã porque 'vai acontecer uma parada',Alto Risco
a fila da cantina é enorme e atrapalha o intervalo,Baixo Risco
o cara escreveu que vai ter tragédia amanhã e depois sumiu do grp,Alto Risco
a fila da cantina é enorme e atrapalha o intervalo,Baixo Risco
mandaram pra gente não ir pra escola amanhã porq 'vai acontecer uma parada',Alto Risco
um aluno comentou q vai fazer uma emboscada na saída,Alto Risco
um aluno escreveu que vai fazer justiça com as próprias mãos dentro da colégio,Alto Risco
ouvi uma fofoca sobre dois alunos mas não sei se é verdade,Baixo Risco
no grupo falaram que amanhã vai rolar uma fita cabulosa no colégio e mandaram apagar as mensagens,Alto Risco
o cara comentou que vai ter uma ocorrência grande amanhã no colégio,Alto Risco
a cantina aumentou os preços e ninguém avisou,Baixo Risco
o banheiro do segundo andar vive sem papel,Baixo Risco
o cara disse q amanhã vai resolver tudo de um jeito que vai deixar todo mundo em choque,Alto Risco
falaram que vão mudar o horário mas ninguém confirmou,Baixo Risco
ele falou que amanha vai ser guerra e pediu pros amigos não irem,Alto Risco
a iluminação da sala tá muito fraca mano,Baixo Risco
o povo tá falando que a professora vai mudar de escola mas acho que é só fofoca,Baixo Risco
o mlk falou que tá com sangue no olho e que amanhã vai cobrar todo mundo,Alto Risco
ouvi uma fofoca sobre dois alunos mas não sei se é verdade,Baixo Risco
tão espalhando um boato sobre o grêmio estudantil,Baixo Risco
a cantina aumentou os preços e ninguém avisou,Baixo Risco
um aluno comentou que vai fazer um ataque na escola e que não era meme,Alto Risco
estão espalhando um boato sobre o grêmio estudantil,Baixo Risco
criaram um grupo pra combinar de ignorar uma pessoa,Risco Moderado
ficam mandando indireta e marcando o aluno em tudo,Risco Moderado
ficam inventando apelido ofensivo pra uma menina,Risco Moderado
o cara escreveu que vai ter tragédia amanhã e depois sumiu do grupo,Alto Risco
o pessoal fica zoando meu jeito de falar todo dia,Risco Moderado
o ar condicionado da sala não funciona faz dias,Baixo Risco
o mlk falou que vai transformar a escola em cenário de filme de terror,Alto Risco
ouvi uma fofoca sobre dois mlks mas não sei se é verdade,Baixo Risco
ele falou que vai deixar a escola em estado de choque amanha mano,Alto Risco
o cara escreveu que vai ter tragédia amanhã e depois sumiu do grupo mano,Alto Risco
o banheiro do segundo andar vive sem papel,Baixo Risco
o passeio da escola foi cancelado e ninguém explicou direito,Baixo Risco
um cara da turma disse que tá preparando uma parada pra amanhã e que vai aparecer no jornal,Alto Risco
minha prova parece ter sido corrigida errado,Baixo Risco
falaram que vão mudar o horário mas ninguém confirmou mano,Baixo Risco
tão espalhando print de conversa privada pra zoar uma aluna mano,Risco Moderado
um aluno recebe xingamento toda vez que manda mensagem no grupo,Risco Moderado
um mlk tá sendo perseguido online por causa de uma briga antiga,Risco Moderado
ficam mandando indireta e marcando o aluno em tudo,Risco Moderado
mandaram no grupo pra geral faltar amanhã pq vai dar ruim na escola,Alto Risco
o cara fica xingando geral no grupo e depois fala que é meme mano,Risco Moderado
o ventilador faz barulho demais e não dá pra prestar atenção,Baixo Risco
o wi-fi não pega na minha sala,Baixo Risco
a internet da escola cai toda hora,Baixo Risco
estão marcando uma aluna em posts só pra irritar ela,Risco Moderado
ficam inventando apelido ofensivo pra uma mina,Risco Moderado
o cara comentou que vão ter uma ocorrência grande amanhã no colégio,Alto Risco
ele disse que amanhã a escola vai sair no jornal,Alto Risco
um aluno falou que vai fazer um massacre na escola amanhã mano,Alto Risco
ele disse q vai fazer uma loucura no colégio e que já tá tudo planejado,Alto Risco
minha prova parece ter sido corrigida errado,Baixo Risco
tem poucas cadeiras na sala e sempre falta lugar,Baixo Risco
um menino foi excluído do trabalho e o grp fica tirando sarro,Risco Moderado
o mlk disse que vai ter um acerto de contas pesado dentro da escola,Alto Risco
ele disse que amanhã a escola vai sair no jornal,Alto Risco
o pessoal fica zoando meu jeito de falar todo dia,Risco Moderado
ele falou que amanhã vai ser caos total e mandou todo mundo ficar longe,Alto Risco
eles tiraram um aluno do grupo e ficam rindo quando ele pede pra entrar,Risco Moderado
o laboratório tem computador q não liga mano,Baixo Risco
um aluno falou que vai entrar na escola amanhã pra fazer uma loucura mano,Alto Risco
fizeram uma montagem humilhante com a foto de um colega,Risco Moderado
o wi-fi não pega na minha sala,Baixo Risco
mandaram aviso pra não passar perto da entrada amanhã,Alto Risco
o cara fica provocando um aluno até ele sair do grupo,Risco Moderado
o projetor da sala vive travando,Baixo Risco
um aluno disse que vai fazer uma operação na escola e não explicou mais nada,Alto Risco
estão espalhando print de conversa privada pra zoar uma aluna,Risco Moderado
o fulano avisou pra ninguém ir na aula amanhã pq o bagulho vai ficar doido,Alto Risco
estão espalhando um boato sobre o grêmio estudantil,Baixo Risco
um aluno tá sendo perseguido online por causa de uma briga antiga,Risco Moderado
tem poucas cadeiras na sala e sempre falta lugar,Baixo Risco
o ar condicionado da sala não funciona faz dias,Baixo Risco
o mlk criou um grupo só pra humilhar uma menina da sala,Risco Moderado
criaram um grupo pra combinar de ignorar uma pessoa,Risco Moderado
o cara disse que amanhã vai resolver tudo de um jeito que vai deixar todo mundo em choque mano,Alto Risco
ele escreveu que amanhã vai ser o último dia normal da escola,Alto Risco
um aluno escreveu que vai fazer justiça com as próprias mãos dentro da escola mano,Alto Risco
ficam chamando o aluno de fracassado e fazendo piada com as notas dele,Risco Moderado
um aluno falou em fazer um ataque e depois disse que era sério,Alto Risco
o laboratório tem computador que não liga,Baixo Risco
o projetor da sala vive travando,Baixo Risco
o pessoal fica fazendo enqte pra escolher quem é o mais feio,Risco Moderado
o cara comentou que vai ter uma ocorrência grande amanhã no colégio,Alto Risco
ele falou que vai deixar a escola em estado de choque amanhã,Alto Risco
ouvi uma fofoca sobre dois alunos mas não sei se é verdade mano,Baixo Risco
tem uma conta fake só pra falar mal dos alunos,Risco Moderado
falaram que vão mudar o horário mas ninguém confirmou,Baixo Risco
um aluno tá sendo perseguido online por causa de uma briga antiga mano,Risco Moderado
um perfil fake tá usando nome de aluno pra fazer postagem tóxica,Risco Moderado
o fulano avisou pra ninguém ir na aula amanhã pq o bagulho vai ficar doido,Alto Risco
ele falou que amanhã vai ser caos total e mandou todo mundo ficar longe,Alto Risco
meu boletim tá com falta que eu não tive,Baixo Risco
tem uma goteira enorme na sala quando chove,Baixo Risco
ficam chamando a mina de lixo no grupo da turma,Risco Moderado
o bebedouro tá quebrado e ninguém arruma,Baixo Risco
acho injusto terem dado uma nota tão baixa na minha prova,Baixo Risco
o ventilador faz barulho demais e não dá pra prestar atenção,Baixo Risco
o pessoal fica fazendo enquete pra escolher quem é o mais feio,Risco Moderado
tem mto lixo no pátio depois do intervalo,Baixo Risco
mandaram uma mensagem falando q o recreio de amanhã vai virar notícia nacional,Alto Risco
ficam postando foto do cara e fazendo piada dele no insta mano,Risco Moderado
criaram um grupo pra combinar de ignorar uma pessoa,Risco Moderado
ele disse que vai 'resolver na bala' e que seria amanhã,Alto Risco
ele escreveu que amanhã vai ser o último dia normal da escola mano,Alto Risco
ele postou que vai fazer uma loucura na colégio e depois apagou,Alto Risco
a internet da escola cai toda hora,Baixo Risco
o aluno disse que vai fazer os outros pagarem e que amanhã todo mundo vai saber,Alto Risco
o cara disse que vai atacar durante a troca de aulas,Alto Risco
o mlk criou um grupo só pra humilhar uma menina da sala,Risco Moderado
a sala fica muito fria de manhã,Baixo Risco
o mlk falou que vai sair sangue amanha e que ninguém vai esquecer,Alto Risco
o cara falou que vai fazer uma parada que vai deixar a cidade em choque,Alto Risco
tem galera ameaçando expor conversa privada de um aluno,Risco Moderado
falaram que vão mudar o horário mas ninguém confirmou,Baixo Risco
ele postou que vai fazer uma loucura na escola e depois apagou,Alto Risco
tem muito lixo no pátio depois do intervalo,Baixo Risco
um aluno falou que vai fazer um massacre na escola amanhã,Alto Risco
um cara da turma disse que tá preparando uma parada pra amanhã e que vai aparecer no jornal,Alto Risco
ficam comentando que ninguém gosta dele e marcando ele nas postagens,Risco Moderado
ele disse que quer ver a escola no jornal amanhã mano,Alto Risco
ficaram falando que vai ter prova surpresa amanhã,Baixo Risco
eles tiraram um aluno do grupo e ficam rindo quando ele pede pra entrar,Risco Moderado
estão espalhando fofoca pesada sobre uma menina,Risco Moderado
a escola podia ter mais tomadas nas salas,Baixo Risco
o povo tá falando que a professora vai mudar de escola mas acho que é só fofoca,Baixo Risco
a fila da cantina é enorme e atrapalha o intervalo,Baixo Risco
um aluno comentou que vai fazer um ataque na escola e que não era meme mano,Alto Risco
o mlk disse que vai ter um acerto de contas pesado dentro da escola,Alto Risco
tem poucas cadeiras na sala e sempre falta lugar,Baixo Risco
tem uma conta fake só pra falar mal dos alunos,Risco Moderado
o cara falou que vai fazer uma parada que vai deixar a cidade em choque,Alto Risco
tão espalhando print de conversa privada pra zoar uma aluna,Risco Moderado
acho injusto terem dado uma nota tão baixa na minha prova,Baixo Risco
a iluminação da sala tá muito fraca,Baixo Risco
um mlk tá sendo perseguido online por causa de uma briga antiga,Risco Moderado
a sala fica muito fria de manhã,Baixo Risco
o wi-fi não pega na minha sala,Baixo Risco
tem poucas cadeiras na sala e sempre falta lugar,Baixo Risco
tem muito lixo no pátio depois do intervalo,Baixo Risco
no grupo falaram que amanha vai rolar uma fita cabulosa no colégio e mandaram apagar as mensagens,Alto Risco
o mlk postou 'amanha vcs vão lembrar de mim' junto com uma ameaça,Alto Risco
um aluno recebe xingamento toda vez que manda mensagem no grupo,Risco Moderado
o projetor da sala vive travando,Baixo Risco
mandaram vários áudios xingando um aluno da sala,Risco Moderado
ele escreveu que amanhã vai ser o último dia normal da escola,Alto Risco
um aluno disse que vai fazer uma operação na escola e nao explicou mais nada,Alto Risco
fizeram uma montagem humilhante com a foto de um colega,Risco Moderado
o mlk falou que tá com sangue no olho e que amanhã vai cobrar todo mundo,Alto Risco
tem uma janela quebrada na sala,Baixo Risco
a sala fica muito fria de manhã,Baixo Risco
ele falou que vai fazer uma chacina e ficou rindo no grp,Alto Risco
um cara da turma disse que tá preparando uma parada pra amanhã e que vai aparecer no jornal,Alto Risco
o cara fica criando conta nova pra continuar provocando a menina,Risco Moderado
ficam chamando o aluno de fracassado e fazendo piada com as notas dele,Risco Moderado
mandaram no grupo que amanhã vai rolar uma fita sinistra na escola,Alto Risco
a internet da escola cai toda hora,Baixo Risco
ficam postando foto do cara e fazendo piada dele no insta,Risco Moderado
a escola podia ter mais tomadas nas salas,Baixo Risco
o mlk falou que tá com sangue no olho e que amanhã vai cobrar todo mundo,Alto Risco
tem uma janela quebrada na sala,Baixo Risco
um aluno falou que vai dar um salve que ninguém vai esquecer,Alto Risco
um mlk falou que amanhã vai ter uma parada muito séria na escola e que era melhor ficar longe,Alto Risco
estão espalhando print de conversa privada pra zoar uma aluna,Risco Moderado
o professor ainda não lançou a nota do trabalho,Baixo Risco
tem uma conta fake só pra falar mal dos alunos,Risco Moderado
ele falou que amanhã vai ser caos total e mandou todo mundo ficar longe,Alto Risco
o mlk disse que vai fazer os outros pagarem e que amanhã todo mundo vai saber,Alto Risco
o pessoal tá usando apelidos preconceituosos contra um aluno,Risco Moderado
um grupo fica incentivando outros alunos a zoarem a mesma pessoa,Risco Moderado
ficam mandando indireta e marcando o aluno em tudo,Risco Moderado
o mlk criou um grupo só pra humilhar uma menina da sala,Risco Moderado
ele falou que vão fazer uma chacina e ficou rindo no grupo,Alto Risco
eles tiraram um aluno do grupo e ficam rindo quando ele pede pra entrar,Risco Moderado
o mlk falou que vai acontecer columbine aqui amanhã,Alto Risco
o bebedouro tá quebrado e ninguém arruma,Baixo Risco
criaram meme com a foto de um aluno sem ele deixar,Risco Moderado
o mlk falou q tá com sangue no olho e que amanhã vai cobrar todo mundo,Alto Risco
ficam chamando a menina de lixo no grupo da turma,Risco Moderado
o projetor da sala vive travando,Baixo Risco
o wi-fi não pega na minha sala,Baixo Risco
o mlk falou que vai sair sangue amanha e que ninguém vai esquecer,Alto Risco
estão marcando uma aluna em posts só pra irritar ela,Risco Moderado
o mlk falou que vai acontecer columbine aqui amanhã,Alto Risco
mandaram mensagem falando pra ninguém ficar perto do bloco amanhã,Alto Risco
tem poucas cadeiras na sala e sempre falta lugar,Baixo Risco
a quadra tá com lâmpadas qimadas,Baixo Risco
ele falou que vai transformar a escola num inferno amanhã,Alto Risco
ele falou que amanhã vai ser caos total e mandou todo mundo ficar longe,Alto Risco
o ar condicionado da sala não funciona faz dias,Baixo Risco
um aluno disse que vai fazer uma operação na escola e não explicou mais nada,Alto Risco
um aluno tá sendo perseguido online por causa de uma briga antiga,Risco Moderado
um aluno recebe xingamento toda vez que manda mensagem no grupo,Risco Moderado
o ventilador faz barulho demais e não dá pra prestar atenção,Baixo Risco
estão marcando uma aluna em posts só pra irritar ela,Risco Moderado
ficam chamando o aluno de fracassado e fazendo piada com as notas dele,Risco Moderado
criaram meme com a foto de um aluno sem ele deixar,Risco Moderado
o banheiro do segundo andar vive sem papel,Baixo Risco
criaram meme com a foto de um aluno sem ele deixar,Risco Moderado
ele falou que amanhã vai ser guerra e pediu pros amigos não irem,Alto Risco
o bebedouro tá quebrado e ninguém arruma,Baixo Risco
o cara fica provocando um mlk até ele sair do grupo mano,Risco Moderado
o professor ainda não lançou a nota do trabalho,Baixo Risco
a cantina aumentou os preços e ninguém avisou mano,Baixo Risco
criaram um grupo pra combinar de ignorar uma pessoa,Risco Moderado
ele disse que amanhã a escola vai sair no jornal,Alto Risco
o mlk criou um grupo só pra humilhar uma menina da sala,Risco Moderado
o cara postou 'dia X' e falou que quem entendeu nao deveria aparecer amanhã,Alto Risco
o cara falou que vai fazer uma parada que vai deixar a cidade em choque,Alto Risco
tem poucas cadeiras na sala e sempre falta lugar,Baixo Risco
ficam chamando o mlk de fracassado e fazendo piada com as notas dele,Risco Moderado
ele falou que vai fazer uma chacina e ficou rindo no grupo,Alto Risco
ele falou que vai transformar a escola num inferno amanha,Alto Risco
acho injusto terem dado uma nota tão baixa na minha prova,Baixo Risco
tem gente ameaçando expor conversa privada de um aluno,Risco Moderado
o ventilador faz barulho demais e não dá pra prestar atenção,Baixo Risco
o mlk criou um grupo só pra humilhar uma menina da sala,Risco Moderado
ele falou q vai fazer uma chacina e ficou rindo no grp,Alto Risco
tão espalhando print de conversa privada pra zoar uma aluna,Risco Moderado
a internet da escola cai toda hora,Baixo Risco
ficam chamando a menina de lixo no grupo da turma,Risco Moderado
um aluno falou que vai dar um salve que ninguém vai esquecer,Alto Risco
tem poucas cadeiras na sala e sempre falta lugar,Baixo Risco
tem muito lixo no pátio depois do intervalo,Baixo Risco
um mlk falou que vai entrar na escola amanhã pra fazer uma loucura,Alto Risco
a cantina aumentou os preços e ninguém avisou,Baixo Risco
o professor ainda não lançou a nota do trabalho,Baixo Risco
o pessoal fica zoando meu jeito de falar todo dia,Risco Moderado
o mlk criou um grupo só pra humilhar uma mina da sala,Risco Moderado
a biblioteca tá com vários computadores quebrados,Baixo Risco
ficam chamando a menina de lixo no grupo da turma mano,Risco Moderado
um menino foi excluído do trabalho e o grupo fica tirando sarro,Risco Moderado
o cara disse que vai atacar durante a troca de aulas mano,Alto Risco
o mlk criou um grupo só pra humilhar uma menina da sala,Risco Moderado
o aluno disse que vai fazer os outros pagarem e que amanhã todo mundo vai saber,Alto Risco
a internet da escola cai toda hora,Baixo Risco
ficam comentando que ninguém gosta dele e marcando ele nas postagens,Risco Moderado
o mlk disse que vai ter um acerto de contas pesado dentro da escola,Alto Risco
a escola podia ter mais tomadas nas salas,Baixo Risco
mandaram pra gente não ir pra escola amanhã porque 'vai acontecer uma parada',Alto Risco
ficam chamando o aluno de fracassado e fazendo piada com as notas dele,Risco Moderado
criaram um grupo pra combinar de ignorar uma pessoa,Risco Moderado
mandaram vários áudios xingando um aluno da sala,Risco Moderado
criaram um grupo pra combinar de ignorar uma pessoa,Risco Moderado
minha prova parece ter sido corrigida errado,Baixo Risco
o cara fica xingando todo mundo no grupo e depois fala q é meme,Risco Moderado
um grupo fica incentivando outros alunos a zoarem a mesma pessoa,Risco Moderado
ficam comentando que ninguém gosta dele e marcando ele nas postagens mano,Risco Moderado
ficam inventando apelido ofensivo pra uma menina,Risco Moderado
ficam mandando indireta e marcando o aluno em tudo,Risco Moderado
um aluno comentou que vão fazer um ataque na colégio e que não era meme,Alto Risco
o pessoal tá usando apelidos preconceituosos contra um aluno,Risco Moderado
o passeio da escola foi cancelado e ninguém explicou direito,Baixo Risco
um grupo fica incentivando outros mlks a zoarem a mesma pessoa,Risco Moderado
a sala fica muito fria de manhã mano,Baixo Risco
o pessoal fica zoando meu jeito de falar todo dia,Risco Moderado
tem uma janela quebrada na sala,Baixo Risco
o mlk disse q vai ter um acerto de contas pesado dentro da escola,Alto Risco
o mlk falou que vai acontecer columbine aqui amanhã,Alto Risco
a biblioteca tá com vários computadores quebrados,Baixo Risco
estão espalhando print de conversa privada pra zoar uma aluna,Risco Moderado
estão espalhando fofoca pesada sobre uma menina,Risco Moderado
ficam chamando a menina de lixo no grupo da turma,Risco Moderado
ele falou que vai fazer uma chacina e ficou rindo no grupo,Alto Risco
o mlk postou 'amanhã vcs vão lembrar de mim' junto com uma ameaça,Alto Risco
um aluno falou que amanhã vai ter uma parada muito séria na escola e que era melhor ficar longe,Alto Risco
meu boletim tá com falta que eu não tive,Baixo Risco
o cara fica xingando todo mundo no grupo e depois fala que é meme,Risco Moderado
a biblioteca tá com vários computadores quebrados,Baixo Risco
ele falou que vai transformar a colégio num inferno amanhã,Alto Risco
eles tiraram um mlk do grupo e ficam rindo quando ele pede pra entrar,Risco Moderado
mandaram pra gente nao ir pra escola amanhã pq 'vai acontecer uma parada',Alto Risco
o laboratório tem computador que não liga,Baixo Risco
o cara fica provocando um aluno até ele sair do grupo,Risco Moderado
um aluno ameaçou causar uma tragédia durante o intervalo,Alto Risco
tem uma conta fake só pra falar mal dos alunos,Risco Moderado
um aluno tá sendo perseguido online por causa de uma briga antiga,Risco Moderado
o caral fica zoando meu jeito de falar todo dia,Risco Moderado
ele escreveu que amanhã vai ser o último dia normal da escola,Alto Risco
o ar condicionado da sala não funciona faz dias,Baixo Risco
ficam inventando apelido ofensivo pra uma menina,Risco Moderado
mandaram áudio dizendo que amanha ninguém deveria ir pra escola,Alto Risco
a biblioteca tá com vários computadores quebrados,Baixo Risco
o professor ainda não lançou a nota do trabalho,Baixo Risco
ele disse que quer ver a escola no jornal amanhã,Alto Risco
tem uma goteira enorme na sala quando chove,Baixo Risco
no grupo falaram que amanhã vai rolar uma fita cabulosa no colégio e mandaram apagar as mensagens,Alto Risco
ficam falando coisas ofensivas sobre a família de um mlk,Risco Moderado
o mlk postou 'amanhã vcs vão lembrar de mim' junto com uma ameaça,Alto Risco
ele postou que vai fazer uma loucura na escola e depois apagou,Alto Risco
ele postou que vão fazer uma loucura na escola e depois apagou,Alto Risco
o cara fica criando conta nova pra continuar provocando a menina,Risco Moderado
um menino foi excluído do trabalho e o grupo fica tirando sarro,Risco Moderado
o aluno disse que vai fazer os outros pagarem e que amanha todo mundo vai saber,Alto Risco
estão marcando uma aluna em posts só pra irritar ela,Risco Moderado
estão espalhando fofoca pesada sobre uma mina,Risco Moderado
um aluno falou em fazer um ataque e depois disse que era sério,Alto Risco
ficaram falando que vai ter prova surpresa amanha mano,Baixo Risco
um aluno falou que vai entrar na escola amanhã pra fazer uma loucura,Alto Risco
tem uma janela quebrada na sala,Baixo Risco
o passeio da escola foi cancelado e ninguém explicou direito,Baixo Risco
ele disse que vai fazer uma loucura no colégio e que já tá tudo planejado,Alto Risco
mandaram uma mensagem falando que o recreio de amanhã vai virar notícia nacional,Alto Risco
criaram um grupo pra combinar de ignorar uma pessoa,Risco Moderado
o banheiro do segundo andar vive sem papel mano,Baixo Risco
tem gente ameaçando expor conversa privada de um aluno,Risco Moderado
um aluno ameaçou causar uma tragédia durante o intervalo,Alto Risco
o cara disse que vai atacar durante a troca de aulas,Alto Risco
ficam falando coisas ofensivas sobre a família de um menino,Risco Moderado
mandaram no grupo pra geral faltar amanhã pq vai dar ruim na escola,Alto Risco
mandaram áudio dizendo que amanha ninguém deveria ir pra escola,Alto Risco
mandaram mensagem falando pra ninguém ficar perto do bloco amanhã,Alto Risco
ouvi uma fofoca sobre dois alunos mas não sei se é verdade,Baixo Risco
acho injusto terem dado uma nota tão baixa na minha prova,Baixo Risco
tem poucas cadeiras na sala e sempre falta lugar,Baixo Risco
o mlk criou um grupo só pra humilhar uma menina da sala,Risco Moderado
ouvi uma fofoca sobre dois alunos mas não sei se é verdade,Baixo Risco
acho injusto terem dado uma nota tão baixa na minha prova,Baixo Risco
o cara fica xingando todo mundo no grupo e depois fala que é meme,Risco Moderado
fizeram uma montagem humilhante com a foto de um colega,Risco Moderado
ele falou que vai fazer uma chacina e ficou rindo no grupo,Alto Risco
o mlk falou que vai sair sangue amanhã e que ninguém vai esquecer mano,Alto Risco
tem uma conta fake só pra falar mal dos alunos,Risco Moderado
um grupo fica incentivando outros alunos a zoarem a mesma cara mano,Risco Moderado
ficam comentando que ninguém gosta dele e marcando ele nas postagens,Risco Moderado
a biblioteca tá com vários computadores quebrados,Baixo Risco
ele disse que amanhã a escola vai sair no jornal,Alto Risco
criaram um grupo pra combinar de ignorar uma pessoa,Risco Moderado
um grupo fica incentivando outros alunos a zoarem a mesma cara,Risco Moderado
o ventilador faz barulho demais e nao dá pra prestar atenção,Baixo Risco
mandaram áudio dizendo que amanhã ninguém deveria ir pra escola,Alto Risco
ficam postando foto do cara e fazendo piada dele no insta,Risco Moderado
ele falou que vai deixar a escola em estado de choque amanha,Alto Risco
ficam falando coisas ofensivas sobre a família de um menino,Risco Moderado
o fulano avisou pra ninguém ir na aula amanha pq o bagulho vai ficar doido,Alto Risco
ficam comentando que ngm gosta dele e marcando ele nas postagens,Risco Moderado
ele falou que amanhã vai ser guerra e pediu pros amigos não irem,Alto Risco
um grupo fica incentivando outros alunos a zoarem a mesma pessoa,Risco Moderado
o laboratório tem computador que não liga,Baixo Risco
minha nota apareceu errada no sistema e queria reclamar,Baixo Risco
fizeram uma montagem humilhante com a foto de um colega,Risco Moderado
o wi-fi não pega na minha sala,Baixo Risco
ele falou que amanhã vai ser caos total e mandou todo mundo ficar longe,Alto Risco
o cara fica criando conta nova pra continuar provocando a menina,Risco Moderado
falaram que vão mudar o horário mas ninguém confirmou,Baixo Risco
ficam postando foto do cara e fazendo piada dele no insta,Risco Moderado
ficam mandando indireta e marcando o aluno em tudo,Risco Moderado
ele disse que vai fazer uma loucura no colégio e que já tá tudo planejado,Alto Risco
um aluno comentou que vai fazer um ataque na escola e que não era meme,Alto Risco
minha prova parece ter sido corrigida errado,Baixo Risco
tem gente ameaçando expor conversa privada de um aluno,Risco Moderado
ficam inventando apelido ofensivo pra uma menina mano,Risco Moderado
tem gente ameaçando expor conversa privada de um aluno mano,Risco Moderado
mandaram vários áudios xingando um mlk da sala,Risco Moderado
tem poucas cadeiras na sala e sempre falta lugar mano,Baixo Risco
estão espalhando um boato sobre o grêmio estudantil,Baixo Risco
um grp fica incentivando outros alunos a zoarem a mesma pessoa,Risco Moderado
tem uma janela qbrada na sala,Baixo Risco
falaram que vão mudar o horário mas ngm confirmou,Baixo Risco
mandaram vários áudios xingando um mlk da sala,Risco Moderado
ficam chamando o aluno de fracassado e fazendo piada com as notas dele,Risco Moderado
ele postou que vai fazer uma loucura na escola e depois apagou,Alto Risco
o aluno disse que vai fazer os outros pagarem e que amanhã todo mundo vai saber,Alto Risco
eles tiraram um aluno do grupo e ficam rindo quando ele pede pra entrar,Risco Moderado
acho injusto terem dado uma nota tão baixa na minha prova,Baixo Risco
o pessoal tá usando apelidos preconceituosos contra um aluno,Risco Moderado
ficam postando foto do cara e fazendo piada dele no insta,Risco Moderado
o cara disse que vai atacar durante a troca de aulas,Alto Risco
a escola podia ter mais tomadas nas salas,Baixo Risco
minha nota apareceu errada no sistema e queria reclamar mano,Baixo Risco
um aluno comentou que vai fazer uma emboscada na saída,Alto Risco
fizeram uma montagem humilhante com a foto de um mano,Risco Moderado
ele postou que vai fazer uma loucura na escola e depois apagou mano,Alto Risco
minha nota apareceu errada no sistema e queria reclamar,Baixo Risco
o laboratório tem computador que não liga,Baixo Risco
tem uma goteira enorme na sala quando chove,Baixo Risco
mandaram no grp que amanhã vai rolar uma fita sinistra na colégio,Alto Risco
minha nota apareceu errada no sistema e queria reclamar,Baixo Risco
um aluno recebe xingamento toda vez que manda mensagem no grupo,Risco Moderado
o ventilador faz barulho demais e não dá pra prestar atenção,Baixo Risco
a quadra tá com lâmpadas queimadas,Baixo Risco
o povo tá falando que a professora vai mudar de escola mas acho que é só fofoca,Baixo Risco
ele escreveu que amanha vai ser o último dia normal da escola,Alto Risco
mandaram no grupo pra geral faltar amanha pq vai dar ruim na escola,Alto Risco
o mlk postou 'amanhã vcs vão lembrar de mim' junto com uma ameaça,Alto Risco
o cara postou 'dia X' e falou que quem entendeu não deveria aparecer amanhã,Alto Risco
o mlk falou que vai me pegar na saida e quebrar minha cara na frente de todo mundo,Alto Risco
vi um aluno mostrando uma arma na mochila no intervalo e falando que ia usar se alguem mexesse com ele,Alto Risco
ele mandou msg dizendo que vai bater muito em um menino quando sair da escola,Alto Risco
um cara da minha sala ta ameaçando outro com uma faca e geral viu,Alto Risco
disseram no grupo que vão esperar a menina na rua pra bater nela,Alto Risco
o aluno falou que trouxe uma arma pra escola e que nao tava de brincadeira,Alto Risco
tem um menino ameaçando matar outro no grupo da turma isso ta ficando serio,Alto Risco
o cara postou foto com uma arma e falou que ia resolver isso pessoalmente amanhã,Alto Risco
um aluno falou que vai atacar o outro na saida e que dessa vez vai ser feio,Alto Risco
ele ta mandando audio ameaçando quebrar o braço do menino se ele aparecer na escola,Alto Risco
vi uma faca grande na mochila de um aluno e ele tava falando de usar contra outro,Alto Risco
o menino disse que vai pegar uma arma em casa pra se vingar de um colega,Alto Risco
tem uma treta séria entre eles e um dos dois falou que vai bater até machucar bastante,Alto Risco
no grupo mandaram que vão esperar o garoto depois da aula pra dar uma surra,Alto Risco
um aluno mostrou munição pros colegas e falou que tinha arma em casa,Alto Risco
ela recebeu ameaça de agressão pesada e ta com medo de ir pra escola amanhã,Alto Risco
o cara falou que vai levar uma arma pra resolver a treta com o ex amigo,Alto Risco
um aluno ta ameaçando outro todo dia falando que vai deixar ele no hospital,Alto Risco
mandaram mensagem dizendo que sabem onde o menino mora e que vao pegar ele,Alto Risco
um garoto falou na sala que ia levar uma faca pra escola por causa de uma briga,Alto Risco
tem um aluno fazendo ameaça grave contra uma menina no insta e falando que vai bater nela,Alto Risco
ele falou que vai aparecer armado se a escola chamar os pais dele,Alto Risco
um menino disse que vai dar um tiro no colega segundo o que vi no grupo,Alto Risco
o aluno ta ameaçando quebrar a cara de varios colegas e falou que trouxe coisa pra isso,Alto Risco
disseram que vao bater no professor e esperar ele no estacionamento,Alto Risco
tem uma ameaça de agressao pesada circulando no grupo da sala e ninguem sabe oq fazer,Alto Risco
o cara mandou foto de uma arma e disse que era pra assustar um aluno especifico,Alto Risco
um aluno falou que vai atacar o colega com uma faca depois da aula,Alto Risco
ele ta perseguindo o menino e ameaçando bater nele até ele pedir desculpa,Alto Risco
no grupo da turma falaram que vao juntar uma galera pra bater em um aluno,Alto Risco
um aluno comentou que tem arma em casa e que poderia levar pra escola pra resolver problemas,Alto Risco
ela ta recebendo ameaça de agressao fisica grave por causa de uma discussão,Alto Risco
um garoto falou que vai quebrar os dentes do outro na saida e parece que ta falando serio,Alto Risco
no grupo apareceu uma ameaça de morte contra um aluno da escola,Alto Risco
o menino fica me chamando de lixo e de burro no grupo da sala todo dia,Risco Moderado
criaram um grupo só pra zoar uma menina e ficam postando foto dela sem ela gostar,Risco Moderado
eles excluem um garoto do grupo de trabalho de proposito e depois riem dele,Risco Moderado
ficam mandando meme com a minha cara no grupo e ta passando dos limites,Risco Moderado
um pessoal fica chamando uma menina de estranha e ninguem deixa ela participar,Risco Moderado
fizeram um perfil fake pra zoar um aluno da minha sala,Risco Moderado
todo dia tiram sarro do meu jeito de falar no grupo da turma,Risco Moderado
me tiraram do grupo da sala pq disseram que eu sou chato e agora fico sem as informações,Risco Moderado
um grupo de alunos fica comentando coisas humilhantes sobre uma menina no insta,Risco Moderado
ficam colocando apelido ofensivo em mim e depois falam que é só brincadeira,Risco Moderado
criaram uma enquete perguntando quem era o mais feio da sala e colocaram meu nome,Risco Moderado
eles ficam marcando um menino em post só pra zoar e ele ja pediu pra parar,Risco Moderado
tem uma conta fake postando fofoca e ofensa sobre varios alunos,Risco Moderado
um aluno ta sendo ignorado de proposito no trabalho e o pessoal faz piada disso,Risco Moderado
mandaram figurinha me chamando de fracassado varias vezes no grupo,Risco Moderado
ficam falando mal da minha aparencia no grupo da escola e eu ja nem entro mais,Risco Moderado
um grupo ta excluindo uma menina das atividades e depois fica rindo dela,Risco Moderado
postaram uma foto minha dormindo na aula e encheram de comentario me zoando,Risco Moderado
eles ficam me chamando por um apelido que eu odeio e nao param mesmo eu pedindo,Risco Moderado
tem um grupo que fica inventando coisa sobre um aluno e espalhando pra escola inteira,Risco Moderado
um menino fica recebendo mensagem dizendo que ninguem gosta dele,Risco Moderado
me adicionaram num grupo só pra me xingar e depois me removeram,Risco Moderado
fizeram piada com meu cabelo todo dia e agora começaram a postar isso online,Risco Moderado
o pessoal da sala nao deixa uma aluna entrar no grupo dos trabalhos sem motivo,Risco Moderado
estao usando meu nome num perfil fake pra falar mal de outras pessoas,Risco Moderado
um grupo de alunos fica fazendo cyberbullying com um garoto novo,Risco Moderado
ficam comentando que uma menina é esquisita e marcando ela nos posts,Risco Moderado
mandaram prints de conversa privada de um aluno pra turma inteira pra humilhar ele,Risco Moderado
o grupo da classe virou só xingamento contra um aluno e ele ta ficando bem mal com isso,Risco Moderado
eles ficam excluindo meu amigo dos jogos online e depois mandam mensagem rindo,Risco Moderado
uma menina ta sendo zoada por causa da roupa que usa e isso continua no grupo,Risco Moderado
fizeram um meme usando uma foto minha e tao compartilhando em varias turmas,Risco Moderado
ficam me chamando de burro por causa das minhas notas e postando isso no grupo,Risco Moderado
o pessoal ta inventando que dois alunos ficaram e espalhando isso pra escola toda,Baixo Risco
acho muito injusto a professora ter dado 5 na minha prova sendo que eu acertei quase tudo,Baixo Risco
o ar condicionado da sala nao funciona faz semanas e ta um calor absurdo,Baixo Risco
tem uma fofoca de que o professor vai sair da escola mas ninguem sabe se é verdade,Baixo Risco
a quadra ta com varias lampadas queimadas e fica ruim de usar depois,Baixo Risco
minha nota apareceu errada no sistema e eu ja falei com a professora,Baixo Risco
o banheiro do segundo andar ta sem papel quase todo dia,Baixo Risco
tão falando que vai ter prova surpresa mas ninguem confirmou nada,Baixo Risco
acho que a escola podia melhorar a internet pq cai toda hora,Baixo Risco
o pessoal ta espalhando que um aluno vai repetir mas acho que é só fofoca,Baixo Risco
o professor demorou muito pra lançar minha nota e agora nao sei se passei,Baixo Risco
tem uma goteira na sala e quando chove fica tudo molhado,Baixo Risco
ouvi dizer que vao mudar o horario das aulas mas ninguem explicou nada,Baixo Risco
a cantina ta cobrando mais caro em algumas coisas e nao avisaram direito,Baixo Risco
minha turma ta reclamando que as cadeiras sao muito desconfortaveis,Baixo Risco
estao falando que a diretora vai trocar de escola mas parece que é só boato,Baixo Risco
o projetor da sala vive dando problema e atrapalha a aula,Baixo Risco
recebi uma nota menor do que eu esperava e queria entender como foi calculada,Baixo Risco
tem um boato de que vao cancelar o passeio e todo mundo ta comentando,Baixo Risco
a biblioteca quase nao tem livro novo e varios estao rasgados,Baixo Risco
o ventilador da nossa sala faz um barulho absurdo e ninguem conserta,Baixo Risco
falaram que um professor deu preferência pra alguns alunos mas eu nao sei se é verdade,Baixo Risco
a escola ta com poucos computadores funcionando e fica dificil fazer os trabalhos,Baixo Risco
minha nota no sistema ta diferente da nota que apareceu na prova,Baixo Risco
tem muita fila na cantina no intervalo e quase nao sobra tempo pra comer,Baixo Risco
o bebedouro ta quebrado faz varios dias e só tem um funcionando,Baixo Risco
ouvi uma fofoca sobre dois professores e achei melhor avisar pq ta todo mundo comentando,Baixo Risco
acho que minha prova foi corrigida errado em uma questão,Baixo Risco
a sala fica muito fria de manhã pq o ar fica ligado direto,Baixo Risco
tem lixo acumulando perto da quadra depois do intervalo,Baixo Risco
o wi fi da escola nao pega direito na minha sala e isso atrapalha as pesquisas,Baixo Risco
estao dizendo que a escola vai aumentar o preço da cantina mas nao tem aviso oficial,Baixo Risco
meu boletim ta com uma falta que eu nao tive e queria que corrigissem,Baixo Risco
